{"cameraMode":{"drawMode":0,"name":"Shaded","section":"Shading Mode"},"sceneLighting":false,"audioPlay":false,"sceneViewState":{"showFog":true,"showMaterialUpdate":false,"showSkybox":true,"showFlares":true,"showImageEffects":true,"showParticleSystems":true},"in2DMode":false,"pivot":{"x":-1.5409327745437623,"y":1.4279499053955079,"z":-1.800497055053711},"rotation":{"x":-0.004073565825819969,"y":0.9358346462249756,"z":-0.352578341960907,"w":-0.010629353113472462},"size":4.588196277618408,"orthographic":false}