{"cameraMode":{"drawMode":0,"name":"Shaded","section":"Shading Mode"},"sceneLighting":false,"audioPlay":false,"sceneViewState":{"showFog":true,"showMaterialUpdate":false,"showSkybox":true,"showFlares":true,"showImageEffects":true,"showParticleSystems":true},"in2DMode":false,"pivot":{"x":-0.028500081971287729,"y":-0.03003406524658203,"z":-0.1660972535610199},"rotation":{"x":0.5700337886810303,"y":-0.002405631821602583,"z":-0.0008279007743112743,"w":0.8220313191413879},"size":3.4311795234680177,"orthographic":false}