{"cameraMode":{"drawMode":0,"name":"Shaded","section":"Shading Mode"},"sceneLighting":false,"audioPlay":false,"sceneViewState":{"showFog":true,"showMaterialUpdate":false,"showSkybox":false,"showFlares":true,"showImageEffects":true,"showParticleSystems":true},"in2DMode":false,"pivot":{"x":1.3141099214553834,"y":-0.06087368726730347,"z":-1.9142532348632813},"rotation":{"x":0.0010024047223851085,"y":0.9969547390937805,"z":-0.07822857052087784,"w":0.0125812329351902},"size":1.8424046039581299,"orthographic":false}